{"py/object": "rasa_core.featurizers.MaxHistoryTrackerFeaturizer", "max_history": 5, "remove_duplicates": true, "state_featurizer": {"py/object": "rasa_core.featurizers.BinarySingleStateFeaturizer", "input_state_map": {"active_form_form_access_status": 61, "active_form_form_error": 65, "active_form_form_feedback": 69, "active_form_form_get_access": 60, "active_form_form_return_on_investment": 66, "active_form_form_training": 63, "active_form_form_update_access": 62, "active_form_form_validation_error": 64, "active_form_form_view_investment": 67, "active_form_form_view_offline_template": 68, "entity_Document": 26, "entity_Field": 25, "entity_Inves_Document": 28, "entity_Score": 30, "entity_Team": 27, "entity_Temp_Document": 29, "entity_Tool": 24, "intent_access_status": 0, "intent_adjust_screen": 1, "intent_affirm": 2, "intent_deny": 3, "intent_emergency_access": 4, "intent_error": 5, "intent_fx_rate": 6, "intent_get_access": 7, "intent_greet": 8, "intent_greet+access_status": 9, "intent_greet+get_access": 10, "intent_greet+view_offline_template": 11, "intent_inform": 12, "intent_input_field_error": 13, "intent_missing_records": 14, "intent_return_on_investment": 15, "intent_stop": 16, "intent_thankyou": 17, "intent_training": 18, "intent_unfunded_request": 19, "intent_update_access": 20, "intent_validation_error": 21, "intent_view_investment": 22, "intent_view_offline_template": 23, "prev_action_adjust_screen": 40, "prev_action_deactivate_form": 35, "prev_action_default_ask_affirmation": 37, "prev_action_default_ask_rephrase": 38, "prev_action_default_fallback": 34, "prev_action_emergency_access": 44, "prev_action_fx_rate": 41, "prev_action_input_field_error": 43, "prev_action_listen": 32, "prev_action_missing_records": 42, "prev_action_restart": 33, "prev_action_revert_fallback_events": 36, "prev_action_unfunded_request": 39, "prev_form_access_status": 51, "prev_form_error": 55, "prev_form_feedback": 59, "prev_form_get_access": 50, "prev_form_return_on_investment": 56, "prev_form_training": 53, "prev_form_update_access": 52, "prev_form_validation_error": 54, "prev_form_view_investment": 57, "prev_form_view_offline_template": 58, "prev_utter_ask_continue": 45, "prev_utter_bot_greet": 48, "prev_utter_bye": 49, "prev_utter_continue": 46, "prev_utter_greet": 47, "slot_Team_0": 31}, "num_features": 70, "slot_feature_len": 1, "user_feature_len": 31}, "use_intent_probabilities": false}